[
  {
    "id": "9d831e37-a0b7-42c9-bf3f-28147146688a",
    "data": [
      {
        "text": "es geht langsam",
        "userDefined": false
      }
    ],
    "isTemplate": false,
    "count": 0
  },
  {
    "id": "1db6e9dc-758f-40aa-978f-1528207c654c",
    "data": [
      {
        "text": "mein computer ist langsam",
        "userDefined": false
      }
    ],
    "isTemplate": false,
    "count": 0
  },
  {
    "id": "b5b3d72c-97f4-4059-9cfc-4d32bba07b7d",
    "data": [
      {
        "text": "das program hängt sich auf",
        "userDefined": false
      }
    ],
    "isTemplate": false,
    "count": 0
  },
  {
    "id": "35d251b6-16f4-4ae6-97da-ae30a32483d1",
    "data": [
      {
        "text": "es braucht lange zum laden",
        "userDefined": false
      }
    ],
    "isTemplate": false,
    "count": 0
  }
]