[
  {
    "id": "332ab683-48eb-495c-8317-a0d60a70c8cf",
    "data": [
      {
        "text": "my pc is slow ",
        "userDefined": false
      },
      {
        "text": "today",
        "alias": "date",
        "meta": "@sys.date",
        "userDefined": false
      }
    ],
    "isTemplate": false,
    "count": 0
  },
  {
    "id": "55d990da-fdda-49cd-8dda-75bb971fb7e0",
    "data": [
      {
        "text": "my computer is slow",
        "userDefined": false
      }
    ],
    "isTemplate": false,
    "count": 0
  },
  {
    "id": "7a0498a7-89bb-42a8-912e-67cfb1d0a890",
    "data": [
      {
        "text": "it takes ages to react",
        "userDefined": false
      }
    ],
    "isTemplate": false,
    "count": 0
  }
]