[
  {
    "id": "d2ec53a6-5c0e-47b3-88fa-c0a5a151fa2c",
    "data": [
      {
        "text": "ich habe ",
        "userDefined": false
      },
      {
        "text": "ein",
        "alias": "time",
        "meta": "@sys.time",
        "userDefined": false
      },
      {
        "text": " fehler",
        "userDefined": false
      }
    ],
    "isTemplate": false,
    "count": 0
  },
  {
    "id": "89c06b99-70d2-4389-93c2-9ac9795839e3",
    "data": [
      {
        "text": "ich habe ",
        "userDefined": false
      },
      {
        "text": "eine",
        "alias": "time",
        "meta": "@sys.time",
        "userDefined": false
      },
      {
        "text": " Fehlermeldung",
        "userDefined": false
      }
    ],
    "isTemplate": false,
    "count": 0
  },
  {
    "id": "2bb8b283-9dc7-4a9f-a39d-703d6daacd04",
    "data": [
      {
        "text": "ich habe ",
        "userDefined": false
      },
      {
        "text": "ein",
        "alias": "time",
        "meta": "@sys.time",
        "userDefined": false
      },
      {
        "text": " error",
        "userDefined": false
      }
    ],
    "isTemplate": false,
    "count": 1
  }
]