[
  {
    "id": "93679df3-77d4-4b55-99f9-8b1538182054",
    "data": [
      {
        "text": "i got an error message",
        "userDefined": false
      }
    ],
    "isTemplate": false,
    "count": 0
  },
  {
    "id": "e0ede1ec-873e-453f-8c37-b652d8449a17",
    "data": [
      {
        "text": "stoped working",
        "userDefined": false
      }
    ],
    "isTemplate": false,
    "count": 0
  },
  {
    "id": "3ee0b118-952d-468f-8539-26d9f1145246",
    "data": [
      {
        "text": "error",
        "userDefined": false
      }
    ],
    "isTemplate": false,
    "count": 0
  },
  {
    "id": "dcd45dc4-56ee-425a-a2b2-34bea2875ada",
    "data": [
      {
        "text": "message",
        "userDefined": false
      }
    ],
    "isTemplate": false,
    "count": 0
  }
]