[
  {
    "id": "84340835-6e13-4d6c-834d-ba38d98a4b74",
    "data": [
      {
        "text": "ich möchte etwas installieren",
        "userDefined": false
      }
    ],
    "isTemplate": false,
    "count": 0
  },
  {
    "id": "b22e07e0-a1ea-421b-9917-16e7f2aba1df",
    "data": [
      {
        "text": "ich brauche ",
        "userDefined": false
      },
      {
        "text": "ein",
        "alias": "time",
        "meta": "@sys.time",
        "userDefined": false
      },
      {
        "text": " neues programm",
        "userDefined": false
      }
    ],
    "isTemplate": false,
    "count": 0
  },
  {
    "id": "35ce9a0b-2c1a-40cf-aab7-4711c43bfe00",
    "data": [
      {
        "text": "ich möchte neue software installieren",
        "userDefined": false
      }
    ],
    "isTemplate": false,
    "count": 0
  }
]