[
  {
    "id": "12c74a7c-816b-4b6a-9013-72ed47992ad7",
    "data": [
      {
        "text": "installation",
        "userDefined": false
      }
    ],
    "isTemplate": false,
    "count": 0
  },
  {
    "id": "637f08e6-85c8-41ff-b78c-c8d71852e02b",
    "data": [
      {
        "text": "I\u0027d like to have a new software",
        "userDefined": false
      }
    ],
    "isTemplate": false,
    "count": 0
  },
  {
    "id": "182d0391-d8d1-406d-8c1b-d90f6dfd68f8",
    "data": [
      {
        "text": "I need a new software",
        "userDefined": false
      }
    ],
    "isTemplate": false,
    "count": 0
  },
  {
    "id": "836c8d48-faf8-4962-af26-32bcee16fb34",
    "data": [
      {
        "text": "I want a new software",
        "userDefined": false
      }
    ],
    "isTemplate": false,
    "count": 0
  },
  {
    "id": "8d92b1c0-e4aa-4b08-aea7-29d46b332406",
    "data": [
      {
        "text": "Install software",
        "userDefined": false
      }
    ],
    "isTemplate": false,
    "count": 0
  }
]