[
  {
    "id": "688b64a3-b92c-4416-9827-7f0c0c99a1fd",
    "data": [
      {
        "text": "my password",
        "userDefined": false
      }
    ],
    "isTemplate": false,
    "count": 0
  },
  {
    "id": "b8814a2e-f699-4548-b6de-c0f0d08579e9",
    "data": [
      {
        "text": "I need a new password",
        "userDefined": false
      }
    ],
    "isTemplate": false,
    "count": 0
  },
  {
    "id": "fc54a082-5fca-4238-ba01-5a2ef2d1d3c9",
    "data": [
      {
        "text": "I don\u0027t know my password",
        "userDefined": false
      }
    ],
    "isTemplate": false,
    "count": 0
  },
  {
    "id": "966b392f-60bd-42ad-a473-868ba1c36f6a",
    "data": [
      {
        "text": "I need to reset my password",
        "userDefined": false
      }
    ],
    "isTemplate": false,
    "count": 0
  },
  {
    "id": "64d17da6-4742-4a8f-87ba-d7ac79e7c334",
    "data": [
      {
        "text": "i forgot password",
        "userDefined": false
      }
    ],
    "isTemplate": false,
    "count": 1
  },
  {
    "id": "5ed0d749-1822-4510-a30e-be73ee37a136",
    "data": [
      {
        "text": "Cannot login",
        "userDefined": false
      }
    ],
    "isTemplate": false,
    "count": 0
  },
  {
    "id": "eed234fb-559b-4712-a528-8664dd8eeb88",
    "data": [
      {
        "text": "I forgot pw",
        "userDefined": false
      }
    ],
    "isTemplate": false,
    "count": 0
  },
  {
    "id": "790dc696-0a19-4a39-8390-6406f2a1d0b5",
    "data": [
      {
        "text": "password",
        "userDefined": false
      }
    ],
    "isTemplate": false,
    "count": 0
  },
  {
    "id": "8e2f8853-8593-4108-89de-aef9474ffb64",
    "data": [
      {
        "text": "I cant login",
        "userDefined": false
      }
    ],
    "isTemplate": false,
    "count": 0
  }
]