[
  {
    "id": "37b40740-38f2-4546-bd5e-f91e9b0f051d",
    "data": [
      {
        "text": "kennwort",
        "userDefined": false
      }
    ],
    "isTemplate": false,
    "count": 0
  },
  {
    "id": "f1fe391b-5a80-4a0c-9d3c-7d477b7bd9ff",
    "data": [
      {
        "text": "ich weis mein kennwort nicht mehr",
        "userDefined": false
      }
    ],
    "isTemplate": false,
    "count": 0
  },
  {
    "id": "a7e6a257-369a-45bc-9cff-c6b259bff70b",
    "data": [
      {
        "text": "passwort",
        "userDefined": false
      }
    ],
    "isTemplate": false,
    "count": 0
  },
  {
    "id": "111fdf00-53d1-4573-a815-ae7670f4b2c3",
    "data": [
      {
        "text": "ich habe mein password verloren",
        "userDefined": false
      }
    ],
    "isTemplate": false,
    "count": 0
  },
  {
    "id": "acfe8f67-d383-4714-a178-88e4baced7d6",
    "data": [
      {
        "text": "ich habe mein passwort vergessen",
        "userDefined": false
      }
    ],
    "isTemplate": false,
    "count": 0
  }
]